<?xml version="1.0" encoding="UTF-8"?>
<beans xmlns="http://www.springframework.org/schema/beans"
  xmlns:xsi="http://www.w3.org/2001/XMLSchema-instance"
  xsi:schemaLocation="http://www.springframework.org/schema/beans
    http://www.springframework.org/schema/beans/spring-beans-2.5.xsd">
  
  <bean id="dataSource" 
        class="coreservlets.datasource.EmbeddedDerbyDataSource">
    <constructor-arg value="target/ngcdb" />
    <constructor-arg>
      <list>
        <value>/setup.sql</value>
      </list>
    </constructor-arg>
  </bean>  
</beans>
