<?xml version="1.0" encoding="UTF-8"?>
<beans xmlns="http://www.springframework.org/schema/beans"
  xmlns:xsi="http://www.w3.org/2001/XMLSchema-instance"
  xmlns:context="http://www.springframework.org/schema/context"
  xsi:schemaLocation="http://www.springframework.org/schema/beans
    http://www.springframework.org/schema/beans/spring-beans-2.5.xsd
    http://www.springframework.org/schema/context
    http://www.springframework.org/schema/context/spring-context-2.5.xsd">
  
  <context:property-placeholder location="classpath:/dataSource.properties" />

  <bean id="customerQuery"
        class="coreservlets.SpringJdbcCustomerQuery">
    <constructor-arg ref="dataSource" />
  </bean>
  
  <bean id="dataSource" 
        class="coreservlets.util.EmbeddedDerbyDataSource">
    <constructor-arg value="${derby.db.name}" />
    <constructor-arg>
      <list>
        <value>${derby.db.setup}</value>
      </list>
    </constructor-arg>
  </bean>  
</beans>
