<?xml version="1.0" encoding="UTF-8"?>
<!DOCTYPE log4j:configuration SYSTEM "log4j.dtd">
<log4j:configuration xmlns:log4j="http://jakarta.apache.org/log4j/" 
      debug="false">
   <appender name="stdout" class="org.apache.log4j.ConsoleAppender">
      <param name="Target" value="System.out"/>
      <param name="Threshold" value="INFO"/>
      <layout class="org.apache.log4j.PatternLayout">
         <param name="ConversionPattern" value="%c %m%n" />
      </layout>
   </appender>
   <category name="coreservlets">
      <priority value="INFO"/>
   </category>
   <category name="org.springframework">
      <priority value="ERROR"/>
   </category>
   <root>
      <appender-ref ref="stdout"/>
   </root>
</log4j:configuration>
